<?xml version="1.0" encoding="UTF-8"?>
<project-private xmlns="http://www.netbeans.org/ns/project-private/1">
    <editor-bookmarks xmlns="http://www.netbeans.org/ns/editor-bookmarks/2" lastBookmarkId="0"/>
    <open-files xmlns="http://www.netbeans.org/ns/projectui-open-files/2">
        <group>
            <file>file:/home/salman/Pebble_Game/Main_Pebble_Game/src/main_pebble_game/BoardGUI.java</file>
            <file>file:/home/salman/Pebble_Game/Main_Pebble_Game/src/main_pebble_game/PebbleBoard.java</file>
            <file>file:/home/salman/Pebble_Game/Main_Pebble_Game/src/main_pebble_game/Players.java</file>
            <file>file:/home/salman/Pebble_Game/Main_Pebble_Game/src/main_pebble_game/MainGame.java</file>
            <file>file:/home/salman/Pebble_Game/Main_Pebble_Game/src/main_pebble_game/Directions.java</file>
            <file>file:/home/salman/Pebble_Game/Main_Pebble_Game/src/main_pebble_game/Pebble.java</file>
        </group>
    </open-files>
</project-private>
