<?xml version="1.0" encoding="UTF-8"?>
<project-private xmlns="http://www.netbeans.org/ns/project-private/1">
    <editor-bookmarks xmlns="http://www.netbeans.org/ns/editor-bookmarks/2" lastBookmarkId="0"/>
    <open-files xmlns="http://www.netbeans.org/ns/projectui-open-files/2">
        <group>
            <file>file:/home/salman/Capitaly/src/capitaly/Capitaly.java</file>
            <file>file:/home/salman/Capitaly/src/capitaly/Property.java</file>
            <file>file:/home/salman/Capitaly/src/capitaly/Careful.java</file>
            <file>file:/home/salman/Capitaly/src/capitaly/Greedy.java</file>
            <file>file:/home/salman/Capitaly/src/capitaly/InputFromFile.java</file>
            <file>file:/home/salman/Capitaly/src/capitaly/Field.java</file>
            <file>file:/home/salman/Capitaly/src/capitaly/Players.java</file>
            <file>file:/home/salman/Capitaly/src/capitaly/Tactical.java</file>
            <file>file:/home/salman/Capitaly/src/capitaly/test.txt</file>
        </group>
    </open-files>
</project-private>
